Name,Date,Day,Time
ELON MUSK,25/Mar/2023, Sat, 10:16:38
AKSHAY KUMAR,25/Mar/2023, Sat, 10:16:41
PRIYANKA,25/Mar/2023, Sat, 10:16:43
BILL GATES,25/Mar/2023, Sat, 10:16:50
ELON MUSK,25/Mar/2023, Sat, 10:16:38
AKSHAY KUMAR,25/Mar/2023, Sat, 10:16:41
PRIYANKA,25/Mar/2023, Sat, 10:16:43
BILL GATES,25/Mar/2023, Sat, 10:16:50
BILL GATES,26/Mar/2023, Sun, 09:13:53
ELON MUSK,26/Mar/2023, Sun, 09:13:57
AKSHAY KUMAR,26/Mar/2023, Sun, 09:14:00
PRIYANKA,27/Mar/2023, Sat, 10:16:43
BILL GATES,27/Mar/2023, Sat, 10:16:50
PRIYANKA,28/Mar/2023, Tue, 13:27:35
ELON MUSK,28/Mar/2023, Tue, 13:27:43
BILL GATES,04/Apr/2023, Tue, 10:36:04
PRIYANKA,26/Apr/2023, Wed, 23:43:00
BILL GATES,26/Apr/2023, Wed, 23:43:15
AKSHAY KUMAR,26/Apr/2023, Wed, 23:43:27
PRIYANKA,27/Apr/2023, Thu, 23:02:55
ELON MUSK,27/Apr/2023, Thu, 23:02:59
BILL GATES,27/Apr/2023, Thu, 23:03:05
AKSHAY KUMAR,27/Apr/2023, Thu, 23:03:08
PRIYANKA,28/Apr/2023, Fri, 11:14:45
ELON MUSK,28/Apr/2023, Fri, 11:14:54
AKSHAY KUMAR,29/Apr/2023, Sat, 19:27:31
ELON MUSK,29/Apr/2023, Sat, 19:28:30
PRIYANKA,30/Apr/2023, Sun, 12:32:00
ELON MUSK,30/Apr/2023, Sun, 12:32:05
BILL GATES,30/Apr/2023, Sun, 12:32:19
PRIYANKA,15/May/2023, Mon, 23:48:54
BILL GATES,15/May/2023, Mon, 23:49:17
BILL GATES,24-May-23, Wed, 23:33:31
AKSHAY KUMAR,24-May-23, Wed, 23:33:36
PRIYANKA,24-May-23,Wed, 23:33:40
PRIYANKA,27/May/2023, Sat, 20:31:37
PRIYANKA,29/May/2023, Mon, 12:02:51
ELON MUSK,29/May/2023, Mon, 12:02:56
AKSHAY KUMAR,29/May/2023, Mon, 12:03:05
PRIYANKA,18/Jun/2023, Sun, 19:37:37
